Timestamp (s),Frame #,Exposure
1.642291784286499,0,0.3
1.712270975112915,1,0.30113733671875
1.7768933773040771,2,0.3022708326848858
1.8426709175109863,3,0.30342441117319024
1.9118907451629639,4,0.30629066980524877
1.9763164520263672,5,0.30895357119128164
2.0423452854156494,6,0.311669561016322
2.1124720573425293,7,0.3146263948290514
2.180044651031494,8,0.3158302090824092
2.244133949279785,9,0.3170664233866611
2.311459541320801,10,0.318306199100129
2.37841534614563,11,0.3195299897280564
2.442622184753418,12,0.32077672463729723
2.5107922554016113,13,0.32202544674918826
2.5784356594085693,14,0.3232482646206621
2.6463191509246826,15,0.3244734007271957
2.7109391689300537,16,0.3256928058833096
2.778294563293457,17,0.32689338586470695
2.8467085361480713,18,0.3281148273283551
2.910712957382202,19,0.32934339473278323
2.97831654548645,20,0.33055701474318433
3.0464463233947754,21,0.33178100786421155
3.1152405738830566,22,0.3330108208428666
3.178278684616089,23,0.33422855895693143
3.2464895248413086,24,0.33544858574826164
3.3151557445526123,25,0.3366769441263097
3.382375717163086,26,0.3378859756185596
3.4467782974243164,27,0.3390834427462293
3.515099287033081,28,0.34028878441886035
3.5830230712890625,29,0.3415104697465083
3.6471707820892334,30,0.3427627691474773
3.71517014503479,31,0.34405130257926836
3.782395601272583,32,0.34537262817228415
3.8518731594085693,33,0.3467353277682425
3.9167559146881104,34,0.3481487753698015
3.983135461807251,35,0.34959023059820843
4.052150726318359,36,0.35103075465909345
4.116528272628784,37,0.3524700771190605
4.183245897293091,38,0.35393050433672446
4.251739501953125,39,0.355397614866597
4.321590900421143,40,0.35685423127268234
4.38424277305603,41,0.3583158757691417
4.45188045501709,42,0.3597742307535445
4.520359039306641,43,0.3612160391390961
4.584042072296143,44,0.36268131505903084
4.651694297790527,45,0.3641602527619845
4.720785140991211,46,0.36563900828949314
4.787887334823608,47,0.36714790033859007
4.85189151763916,48,0.36867980232471387
4.9208173751831055,49,0.37020569937912473
4.987335681915283,50,0.3717483888273309
5.0569539070129395,51,0.37329359803511636
5.120485305786133,52,0.3748284814250357
5.188178062438965,53,0.37638816864398644
5.256929636001587,54,0.3779539838578682
5.319079160690308,55,0.3794907038276236
5.38680100440979,56,0.3810305485891634
5.4555747509002686,57,0.3825832861529124
5.523417234420776,58,0.3841343962766061
5.586760759353638,59,0.3856936261343426
5.655587911605835,60,0.38724625336167945
5.723224639892578,61,0.3887893419038276
5.787298202514648,62,0.3903515693229402
5.8552000522613525,63,0.3919372300882149
5.923060417175293,64,0.39352202428045296
5.99064564704895,65,0.39512456735906026
6.055675506591797,66,0.3967730256392482
6.123088836669922,67,0.39845401978710127
6.190765142440796,68,0.40014619213981173
6.2555952072143555,69,0.40185426748179376
6.323765993118286,70,0.403583589372214
6.39052677154541,71,0.4053287916642174
6.459739685058594,72,0.4070748216093834
6.523274898529053,73,0.4088198174448334
6.590750694274902,74,0.4105488592913289
6.6595659255981445,75,0.4122621003065989
6.727533578872681,76,0.41398013631487485
6.792473793029785,77,0.41569046438821233
6.859807729721069,78,0.41738936853798936
6.927526473999023,79,0.41910608059416776
6.990661859512329,80,0.42082202330929747
7.0598695278167725,81,0.42250712966783066
7.127562522888184,82,0.4241974384367281
7.195317983627319,83,0.4258701133761991
7.259471893310547,84,0.4275141155416711
7.327629804611206,85,0.4291683161434913
7.39509916305542,86,0.43082433496984823
7.459673643112183,87,0.43245667929024517
7.527641296386719,88,0.43411052121971033
7.595162868499756,89,0.4357875261506428
7.663529396057129,90,0.4374471991118572
7.727592468261719,91,0.4391330779927134
7.795356750488281,92,0.44081545994941324
7.863539218902588,93,0.4424752663325132
7.927656888961792,94,0.44417930474319844
7.995391607284546,95,0.44595612356047576
8.063794374465942,96,0.4477457866152598
8.131453275680542,97,0.4495459125985363
8.195164442062378,98,0.4513506843208657
8.264336109161377,99,0.4531519895422687
8.331371307373047,100,0.45497572367003863
8.395877122879028,101,0.45681880929584706
8.464791774749756,102,0.4586662674879255
8.532007217407227,103,0.4605287343230331
8.599503993988037,104,0.4624321105255441
8.664559125900269,105,0.4643614747345758
8.731212854385376,106,0.4663037358336282
8.797236204147339,107,0.46824341441373657
8.865110874176025,108,0.47015823001025137
8.929814338684082,109,0.4720405013419368
8.997316837310791,110,0.47389374966245457
9.065744638442993,111,0.47573354069235413
9.133997678756714,112,0.4775360774238631
9.199876546859741,113,0.47931632606529345
9.268575191497803,114,0.48111131551757824
9.335582971572876,115,0.4828883169711043
9.400095462799072,116,0.48463435058371235
9.467877864837646,117,0.48640614237548946
9.535615682601929,118,0.4881748547081518
9.599674940109253,119,0.4899005045635455
9.66802716255188,120,0.4916326420458668
9.735340118408203,121,0.49335033176005144
9.803313732147217,122,0.4950292850570223
9.867708921432495,123,0.4967474122989773
9.934889078140259,124,0.49849209124470084
10.003226041793823,125,0.500230285135081
10.067858934402466,126,0.502002135923193
10.134742021560669,127,0.5037946616841623
10.203059911727905,128,0.5055599423804552
10.271740674972534,129,0.5073644370000543
10.335111141204834,130,0.5091976480445995
10.403283596038818,131,0.511014416576268
10.472218751907349,132,0.512852587831632
10.539342641830444,133,0.5147027769420354
10.605052709579468,134,0.5165141592663322
10.673632383346558,135,0.5183245290085332
10.740780591964722,136,0.5201532105671256
10.805769681930542,137,0.5219807659940012
10.869555711746216,138,0.5238166456949088
10.93758773803711,139,0.5256663012684355
11.005754709243774,140,0.5275172283269538
11.070099592208862,141,0.529369266217671
11.137920141220093,142,0.5312303104570951
11.20593547821045,143,0.5331006407254805
11.26970911026001,144,0.5349690017687888
11.337775230407715,145,0.5368420276219036
11.405811786651611,146,0.5387436081205974
11.474240064620972,147,0.5406568407083426
11.53781533241272,148,0.5425725669406187
11.60621428489685,149,0.5445224113756081
11.67397665977478,150,0.5464692692482469
11.737905502319336,151,0.548413628254688
11.805824518203735,152,0.5503974764111129
11.873730182647705,153,0.5523965901590056
11.942023754119873,154,0.5543876998321463
12.005711317062378,155,0.5564256239637164
12.074253559112549,156,0.5584880785111521
12.1419837474823,157,0.5605470633458606
12.210265636444092,158,0.5626495635873391
12.277214765548706,159,0.5647585422871786
12.343810319900513,160,0.5668255974036115
12.412523031234741,161,0.5689078039891742
12.477195739746094,162,0.5709854478816889
12.544588088989258,163,0.5730444568455172
12.612380027770996,164,0.5751359708697045
12.680546283721924,165,0.57725674163957
12.744093894958496,166,0.5793643055022051
12.81315016746521,167,0.5814959089918059
12.880236625671387,168,0.5836824587296658
12.943890810012817,169,0.5858898908783501
13.012927293777466,170,0.5881242039735148
13.081153154373169,171,0.5903667183724879
13.147554636001587,172,0.5925723026806542
13.21330714225769,173,0.5947604686263213
13.278100490570068,174,0.5969637862745306
13.346194982528687,175,0.5991679734238193
13.413689136505127,176,0.6013586390026103
13.480374336242676,177,0.6035305536534955
13.548019170761108,178,0.6056906338398939
13.617201566696167,179,0.607857108596687
13.680203914642334,180,0.6100255780854688
13.74788212776184,181,0.6122370054656113
13.817957639694214,182,0.6144737806141204
13.884593963623047,183,0.6167224407468105
13.949147462844849,184,0.6190078638128907
14.018105745315552,185,0.6168650447071629
14.08525538444519,186,0.6147477161504715
14.14797306060791,187,0.6126917109576284
14.214561462402344,188,0.6106759462536016
14.283879280090332,189,0.6087073138633583
14.352505683898926,190,0.6087073138633583
14.417553186416626,191,0.6087073138633583
14.484053373336792,192,0.611163952621031
14.55058217048645,193,0.613671442863292
14.614193201065063,194,0.6161994997944059
14.682389497756958,195,0.6187068112799061
14.750379800796509,196,0.6187068112799061
14.818429470062256,197,0.6187068112799061
14.882445812225342,198,0.6187068112799061
14.950247287750244,199,0.6167161287608776
15.018560409545898,200,0.614734015034441
15.082366943359375,201,0.6127036004109431
15.150728225708008,202,0.6106617445875908
15.218541145324707,203,0.6086465305491565
15.28658413887024,204,0.6066499116372256
15.355454921722412,205,0.604669034255675
15.42555546760559,206,0.6070936977052759
15.489148378372192,207,0.6095160202673024
15.557762145996094,208,0.6119557989428622
15.621261596679688,209,0.614419919777875
15.687115669250488,210,0.6168934094362201
15.754840850830078,211,0.6193704074997007
15.818380355834961,212,0.6193704074997007
15.887079238891602,213,0.6193704074997007
15.955011129379272,214,0.6193704074997007
16.02235174179077,215,0.6193704074997007
16.08667540550232,216,0.6193704074997007
16.15469264984131,217,0.6193704074997007
16.222475051879883,218,0.6193704074997007
16.28678059577942,219,0.6193704074997007
16.354631662368774,220,0.6193704074997007
16.42330551147461,221,0.6193704074997007
16.491015672683716,222,0.6173859849032539
16.554897785186768,223,0.6153643868521803
16.625370264053345,224,0.6132884074184196
16.692792415618896,225,0.61116351567681
16.757267713546753,226,0.6089964224929535
16.82535195350647,227,0.6067619938695997
16.89283275604248,228,0.6045221376312886
16.96060872077942,229,0.6022679178726625
17.02522850036621,230,0.604408445363541
17.092462062835693,231,0.6065497525361133
17.16147518157959,232,0.6086918817752999
17.228312969207764,233,0.6107982569279604
17.292516231536865,234,0.6129068172776911
17.36106824874878,235,0.6150148679122582
17.42832899093628,236,0.6170980169635484
17.490779399871826,237,0.6145059105369336
17.559282541275024,238,0.611964744365111
17.626914739608765,239,0.6094255664493674
17.694771766662598,240,0.6068468142364863
17.759262561798096,241,0.6042822538533094
17.82692790031433,242,0.6017270214267387
17.894646406173706,243,0.6037454899746133
17.959020376205444,244,0.605796102687384
18.026783227920532,245,0.6078598184315848
18.09476089477539,246,0.6099191093164917
18.16287088394165,247,0.6119921531588847
18.22674584388733,248,0.6140828372197389
18.295393228530884,249,0.6161821451648076
18.366739988327026,250,0.6182774073608998
18.42755126953125,251,0.6157030545376513
18.494558572769165,252,0.6130973058799921
18.56293249130249,253,0.6104922145807644
18.630780935287476,254,0.6079338974060654
18.694689750671387,255,0.6053776195388763
18.762757301330566,256,0.6028309383043572
18.8308265209198,257,0.6049282894420587
18.899003267288208,258,0.6070368647312613
18.963385105133057,259,0.6091248584638776
19.030715465545654,260,0.6112540281672101
19.102181434631348,261,0.6134047600208012
19.165329694747925,262,0.6155401378025303
19.232540607452393,263,0.6177366798269449
19.30016589164734,264,0.6153319348939227
19.36906886100769,265,0.6129653803572903
19.432481050491333,266,0.6106293673639297
19.50034737586975,267,0.6083091252449273
19.568801641464233,268,0.6059734010399543
19.632362604141235,269,0.60363608055953
19.701822996139526,270,0.6058264125255811
19.770543336868286,271,0.6080166480907309
19.8374605178833,272,0.6102256326755846
19.900521278381348,273,0.6124633228533106
19.96942377090454,274,0.614719519575003
20.03661847114563,275,0.6169884076334189
20.100579023361206,276,0.619283945406622
20.16920042037964,277,0.6170264283010776
20.23696494102478,278,0.6147722777070164
20.30518388748169,279,0.6125661629857987
20.369245529174805,280,0.6104027269893236
20.43671679496765,281,0.60822037549951
20.50508999824524,282,0.6060462649728564
20.56939935684204,283,0.603885352960188
20.63666272163391,284,0.6061518712455198
20.705353260040283,285,0.6083999610704393
20.77342963218689,286,0.6106606454070354
20.836857080459595,287,0.6129093288227327
20.905303478240967,288,0.6151085675359266
20.973358631134033,289,0.6173266707221152
21.040441036224365,290,0.6195161499101915
21.10483169555664,291,0.6170199483971547
21.172913789749146,292,0.614525285327456
21.24071502685547,293,0.6120191719977406
21.30551552772522,294,0.6094888011107232
21.373512744903564,295,0.6070019247083274
21.440592050552368,296,0.6045391785975862
21.509742259979248,297,0.6020863248372081
21.57363224029541,298,0.6042099499420673
21.64070177078247,299,0.6063399484109299
21.70950198173523,300,0.6084405094738576
21.773237943649292,301,0.6105606975405033
21.842788457870483,302,0.6126936189260284
21.911304712295532,303,0.6147745225098814
21.979637622833252,304,0.6168357382087575
22.04215383529663,305,0.6188886482642554
22.111303567886353,306,0.6161903169258554
22.17833948135376,307,0.6134800456717983
22.242287397384644,308,0.610821491817644
22.311470985412598,309,0.6081814442482596
22.379743576049805,310,0.6055490931409382
22.446241855621338,311,0.6029597660728492
22.51009964942932,312,0.6004437002836469
22.57806158065796,313,0.6025133951226473
22.6451632976532,314,0.6045893886292626
22.71378493309021,315,0.6066817482528417
22.77766466140747,316,0.608794282496779
22.845282316207886,317,0.6109112472283716
22.91401243209839,318,0.6130596690256215
22.977792739868164,319,0.6152138403656698
23.045382499694824,320,0.6173405306075644
23.114364862442017,321,0.614852471292905
23.181897401809692,322,0.6123310487057823
23.245124578475952,323,0.6098004268670539
23.31386089324951,324,0.607273246626472
23.38173532485962,325,0.6046937451168415
23.445369958877563,326,0.6020563835832158
23.514079809188843,327,0.6040294292276784
23.58123803138733,328,0.6059905242218082
23.64941668510437,329,0.6059905242218082
23.71443748474121,330,0.6059905242218082
23.781309366226196,331,0.6059905242218082
23.84967565536499,332,0.6059905242218082
23.913988828659058,333,0.6059905242218082
23.98109197616577,334,0.6059905242218082
24.05009412765503,335,0.6059905242218082
24.11790657043457,336,0.6059905242218082
24.1814968585968,337,0.6059905242218082
24.249342441558838,338,0.6059905242218082
24.317986965179443,339,0.6059905242218082
24.385227918624878,340,0.6059905242218082
24.449946641921997,341,0.6059905242218082
24.518151998519897,342,0.6059905242218082
24.585323572158813,343,0.6059905242218082
24.64939570426941,344,0.6059905242218082
24.717984914779663,345,0.6059905242218082
24.78541922569275,346,0.6059905242218082
24.853508710861206,347,0.6059905242218082
24.9184627532959,348,0.6059905242218082
24.985499382019043,349,0.6059905242218082
25.054691791534424,350,0.6059905242218082
25.118282556533813,351,0.6059905242218082
25.185900926589966,352,0.6059905242218082
25.253492832183838,353,0.6059905242218082
25.322686672210693,354,0.6059905242218082
25.3860023021698,355,0.6059905242218082
25.455464601516724,356,0.6059905242218082
25.524120569229126,357,0.6059905242218082
25.587294101715088,358,0.6059905242218082
25.65607762336731,359,0.6059905242218082
25.723764657974243,360,0.6059905242218082
25.790735721588135,361,0.6059905242218082
25.85447096824646,362,0.6079717434345044
25.922212600708008,363,0.6099900933850538
25.989734888076782,364,0.6119972059532397
26.05919623374939,365,0.6140034547820787
26.122552394866943,366,0.6160371193027037
26.190337657928467,367,0.6180713067580395
26.25884747505188,368,0.615492363656249
26.322575569152832,369,0.6129257922895557
26.389893531799316,370,0.610367888753277
26.4585120677948,371,0.6078096707625631
26.526432275772095,372,0.6052558423560906
26.588268756866455,373,0.602649533334389
26.656343936920166,374,0.602649533334389
26.72458553314209,375,0.602649533334389
26.78856134414673,376,0.602649533334389
26.856724500656128,377,0.602649533334389
26.924893140792847,378,0.602649533334389
26.992159128189087,379,0.602649533334389
27.056058168411255,380,0.602649533334389
27.124700784683228,381,0.602649533334389
27.192315101623535,382,0.602649533334389
27.256879091262817,383,0.602649533334389
27.32425308227539,384,0.602649533334389
27.392401933670044,385,0.602649533334389
27.46007513999939,386,0.602649533334389
27.5241482257843,387,0.602649533334389
27.592231035232544,388,0.602649533334389
27.66028118133545,389,0.602649533334389
27.72813653945923,390,0.602649533334389
27.792203664779663,391,0.602649533334389
27.860291004180908,392,0.602649533334389
27.928210020065308,393,0.602649533334389
27.992424488067627,394,0.602649533334389
28.063401699066162,395,0.602649533334389
28.12821626663208,396,0.602649533334389
28.196534156799316,397,0.602649533334389
28.260459899902344,398,0.602649533334389
28.328227519989014,399,0.602649533334389
28.396178245544434,400,0.602649533334389
28.46014952659607,401,0.602649533334389
28.52810502052307,402,0.602649533334389
28.596665620803833,403,0.602649533334389
28.664337158203125,404,0.602649533334389
28.728453874588013,405,0.602649533334389
28.796289920806885,406,0.602649533334389
28.864115715026855,407,0.602649533334389
28.928173065185547,408,0.602649533334389
28.996307849884033,409,0.602649533334389
29.064483165740967,410,0.602649533334389
29.13532066345215,411,0.602649533334389
29.205711841583252,412,0.602649533334389
29.264875650405884,413,0.602649533334389
29.332378387451172,414,0.602649533334389
29.400217294692993,415,0.602649533334389
29.464396238327026,416,0.602649533334389
29.53241777420044,417,0.602649533334389
29.600480794906616,418,0.602649533334389
29.664283514022827,419,0.602649533334389
29.732341289520264,420,0.602649533334389
29.800325870513916,421,0.602649533334389
29.868398189544678,422,0.602649533334389
29.932540893554688,423,0.602649533334389
30.000434637069702,424,0.602649533334389
30.06863045692444,425,0.6045998861358393
30.132517337799072,426,0.6065567116516206
30.200499534606934,427,0.6084996481817616
30.26869225502014,428,0.6104795881137276
30.33748769760132,429,0.6124775974525251
30.40053129196167,430,0.6144617817646415
30.468740940093994,431,0.6165061419838513
30.536656141281128,432,0.6185888646950303
30.60075545310974,433,0.6159932817936126
30.67782950401306,434,0.6134538986833263
30.742894411087036,435,0.610953443485343
30.80805277824402,436,0.6084090424849617
30.872222423553467,437,0.6058542970025337
30.93922758102417,438,0.6033089066057638
31.00657820701599,439,0.6007807847548331
31.07622981071472,440,0.6028347835279673
31.13854479789734,441,0.6049356429942107
31.205591917037964,442,0.6070531470242261
31.27310299873352,443,0.6092141628247068
31.33687949180603,444,0.6114344987735182
31.40502643585205,445,0.6136853991450778
31.472983360290527,446,0.6159249354023908
31.54069685935974,447,0.6181343736316045
31.60485863685608,448,0.6157590085910672
31.67298913002014,449,0.6133911460089108
31.741223573684692,450,0.6111508055318585
31.807761192321777,451,0.6090582406249042
31.87351155281067,452,0.6070429021971604
31.942012548446655,453,0.6070429021971604
32.00944805145264,454,0.6070429021971604
32.07299590110779,455,0.6095562679563074
32.141268491744995,456,0.6120327198652714
32.209171295166016,457,0.614514227845511
32.273362159729004,458,0.6169675618789896
32.34169149398804,459,0.6193704221822095
32.409658670425415,460,0.6172957867178747
32.477381467819214,461,0.615214452871525
32.54166865348816,462,0.6131139273533255
32.60931086540222,463,0.6110881902222975
32.67742419242859,464,0.6110881902222975
32.741442918777466,465,0.6091291381605062
32.809492111206055,466,0.6070073627182068
32.877357721328735,467,0.6047743341191492
32.945151805877686,468,0.6024783434019286
33.00917935371399,469,0.6046615393242314
33.07751488685608,470,0.6068704233022026
33.1450514793396,471,0.6091151963687602
33.21348309516907,472,0.6114082894408056
33.28319430351257,473,0.6137475786219322
33.34760236740112,474,0.6161052356695707
33.41722369194031,475,0.6184593520482627
33.4792902469635,476,0.6161682556216374
33.54804515838623,477,0.613785288074336
33.616480112075806,478,0.6112847434607127
33.683528661727905,479,0.6087170417631487
33.75686240196228,480,0.6061653986028167
33.81350588798523,481,0.603563878913575
33.88099932670593,482,0.6008208478891645
33.94505572319031,483,0.6027679833469362
34.01444959640503,484,0.6027679833469362
34.081175327301025,485,0.6027679833469362
34.14942479133606,486,0.6027679833469362
34.21380114555359,487,0.6027679833469362
34.28166460990906,488,0.6027679833469362
34.34962058067322,489,0.6027679833469362
34.41366696357727,490,0.6027679833469362
34.48152160644531,491,0.6027679833469362
34.549827575683594,492,0.6027679833469362
34.621837854385376,493,0.6027679833469362
34.684162616729736,494,0.6027679833469362
34.75189280509949,495,0.6027679833469362
34.82146883010864,496,0.6027679833469362
34.88768482208252,497,0.6027679833469362
34.95203518867493,498,0.6027679833469362
35.020721435546875,499,0.6027679833469362
35.08714246749878,500,0.6027679833469362
35.14969801902771,501,0.6027679833469362
35.21769452095032,502,0.6027679833469362
35.28551912307739,503,0.6027679833469362
35.353639125823975,504,0.6027679833469362
35.41782283782959,505,0.6027679833469362
35.485743284225464,506,0.6027679833469362
35.554022789001465,507,0.6027679833469362
35.61766338348389,508,0.6027679833469362
35.685784101486206,509,0.6046995963203359
35.75407528877258,510,0.6066373917395895
35.82468891143799,511,0.6066373917395895
35.8857159614563,512,0.6085854731781494
35.95461869239807,513,0.6105357959368302
36.02197599411011,514,0.6105357959368302
36.08577108383179,515,0.6105357959368302
36.154552698135376,516,0.6105357959368302
36.22199749946594,517,0.6105357959368302
36.28978228569031,518,0.6105357959368302
36.35362482070923,519,0.6105357959368302
36.42185187339783,520,0.6105357959368302
36.489750385284424,521,0.6105357959368302
36.55812406539917,522,0.6105357959368302
36.62159824371338,523,0.6105357959368302
36.68952178955078,524,0.6105357959368302
36.75764083862305,525,0.6105357959368302
36.82175636291504,526,0.6105357959368302
36.88950538635254,527,0.6105357959368302
36.95755100250244,528,0.6105357959368302
37.025500774383545,529,0.6105357959368302
37.089547634124756,530,0.6105357959368302
37.15756034851074,531,0.6105357959368302
37.225470781326294,532,0.6105357959368302
37.28976130485535,533,0.6105357959368302
37.35787272453308,534,0.6105357959368302
37.42547965049744,535,0.6105357959368302
37.49356508255005,536,0.6105357959368302
37.55795860290527,537,0.6105357959368302
37.6255738735199,538,0.6105357959368302
37.693676233291626,539,0.6105357959368302
37.75767374038696,540,0.6105357959368302
37.82577657699585,541,0.6105357959368302
37.893619775772095,542,0.6105357959368302
37.961910009384155,543,0.6105357959368302
38.02574062347412,544,0.6105357959368302
38.093812465667725,545,0.6105357959368302
38.16206955909729,546,0.6105357959368302
38.22957897186279,547,0.6105357959368302
38.29683041572571,548,0.6105357959368302
38.36432099342346,549,0.6105357959368302
38.43369150161743,550,0.6105357959368302
38.49403953552246,551,0.6105357959368302
38.56206488609314,552,0.6105357959368302
38.633193254470825,553,0.6105357959368302
38.70051074028015,554,0.6105357959368302
38.7659273147583,555,0.6105357959368302
38.832478761672974,556,0.6105357959368302
38.900521755218506,557,0.6105357959368302
38.966214418411255,558,0.6105357959368302
39.03359532356262,559,0.6105357959368302
39.100279092788696,560,0.6105357959368302
39.169158697128296,561,0.6105357959368302
39.23020625114441,562,0.6105357959368302
39.298336029052734,563,0.6105357959368302
39.36590623855591,564,0.6105357959368302
39.42998218536377,565,0.6105357959368302
39.497806787490845,566,0.6105357959368302
39.56591534614563,567,0.6105357959368302
39.63392686843872,568,0.6105357959368302
39.69810366630554,569,0.6105357959368302
39.7659125328064,570,0.6105357959368302
39.83410429954529,571,0.6105357959368302
39.90188932418823,572,0.6105357959368302
39.966596603393555,573,0.6105357959368302
40.03403377532959,574,0.6105357959368302
40.10208511352539,575,0.6105357959368302
40.16608238220215,576,0.6105357959368302
40.234079360961914,577,0.6105357959368302
40.302081823349,578,0.6105357959368302
40.37033677101135,579,0.6105357959368302
40.43420672416687,580,0.6105357959368302
40.50220274925232,581,0.6105357959368302
40.57021975517273,582,0.6105357959368302
40.63408279418945,583,0.6105357959368302
40.70230793952942,584,0.6105357959368302
40.7702739238739,585,0.6105357959368302
40.838154315948486,586,0.6105357959368302
40.90216040611267,587,0.6105357959368302
40.97015833854675,588,0.6105357959368302
41.038267612457275,589,0.6105357959368302
41.10216808319092,590,0.6105357959368302
41.1700496673584,591,0.6105357959368302
41.238386392593384,592,0.6105357959368302
41.30628299713135,593,0.6105357959368302
41.37035393714905,594,0.6105357959368302
41.43823766708374,595,0.6105357959368302
41.5062780380249,596,0.6125293890841319
41.57441473007202,597,0.6146067762596237
41.63856625556946,598,0.6167209088646991
41.70984220504761,599,0.6189491187647687
41.77780866622925,600,0.6168065076507936
41.839778900146484,601,0.614732982066136
41.90901327133179,602,0.6126817593148037
41.97809290885925,603,0.610667839004456
42.05227994918823,604,0.6086735655506333
42.12022924423218,605,0.6067089828529237
42.177369832992554,606,0.6067089828529237
42.244054317474365,607,0.6091475055687834
42.30998492240906,608,0.6116084385557143
42.377904415130615,609,0.6140894866531906
42.444140672683716,610,0.6166001951175528
42.51307463645935,611,0.6191630775036405
42.57894444465637,612,0.6191630775036405
42.645735025405884,613,0.6191630775036405
42.714168071746826,614,0.6191630775036405
42.777780532836914,615,0.6191630775036405
42.845219135284424,616,0.6191630775036405
42.91391348838806,617,0.6191630775036405
42.9811110496521,618,0.6191630775036405
43.04562163352966,619,0.6191630775036405
43.115058183670044,620,0.6191630775036405
43.181939125061035,621,0.6191630775036405
43.249640226364136,622,0.6191630775036405
43.31401443481445,623,0.6191630775036405
43.38263821601868,624,0.6191630775036405
43.44759511947632,625,0.6191630775036405
43.510775566101074,626,0.6191630775036405
43.578553676605225,627,0.6191630775036405
43.646986961364746,628,0.6191630775036405
43.7148654460907,629,0.6191630775036405
43.77882194519043,630,0.6191630775036405
43.84879970550537,631,0.6191630775036405
43.91698098182678,632,0.6191630775036405
43.98108196258545,633,0.6191630775036405
44.04910469055176,634,0.6191630775036405
44.11800193786621,635,0.6191630775036405
44.18567728996277,636,0.6191630775036405
44.249353885650635,637,0.6191630775036405
44.31752967834473,638,0.6191630775036405
44.38516712188721,639,0.6191630775036405
44.44890880584717,640,0.6191630775036405
44.51793146133423,641,0.6191630775036405
44.5830762386322,642,0.6191630775036405
44.65098690986633,643,0.6191630775036405
44.714956521987915,644,0.6171784367910425
44.783161878585815,645,0.6151324869246728
44.85146236419678,646,0.6130034695352082
44.91490626335144,647,0.6108326809759866
44.983108043670654,648,0.6086713141569512
45.05131816864014,649,0.6065155270366409
45.11919546127319,650,0.6043157592543247
45.18299865722656,651,0.6020764368483604
45.25096249580383,652,0.6042235782220813
45.31909799575806,653,0.606354827542989
45.387261629104614,654,0.6085400114522207
45.45095372200012,655,0.6107652322961027
45.51881670951843,656,0.6129932394468732
45.58710694313049,657,0.6152374359649482
45.65104627609253,658,0.6174925154199475
45.72847270965576,659,0.615243004792758
45.78718066215515,660,0.6129852829999931
45.855379581451416,661,0.6107592822837278
45.91922855377197,662,0.6085530864176124
45.987406969070435,663,0.6063443528952951
46.05535173416138,664,0.6041225757327259
46.11901521682739,665,0.6019031172284868
46.18745303153992,666,0.6040868203662677
46.25502014160156,667,0.6062628469526253
46.32312750816345,668,0.6084825241696815
46.38737344741821,669,0.6107164357740362
46.45769786834717,670,0.6129300541001216
46.525136947631836,671,0.6151841093621123
46.589231967926025,672,0.61745890960659
46.658060789108276,673,0.6197132355369145
46.72593355178833,674,0.6174942404716502
46.794649839401245,675,0.6153200646247194
46.857422828674316,676,0.6131666346162916
46.92541694641113,677,0.6110315683681735
46.99276685714722,678,0.6089156047004958
47.061415910720825,679,0.6067903662148245
47.12531781196594,680,0.6046561134420106
47.19312024116516,681,0.6025444473618635
47.26164388656616,682,0.6047687615032635
47.32573652267456,683,0.6069745094871419
47.39281678199768,684,0.6091686418568578
47.46206450462341,685,0.6113487788258046
47.52891969680786,686,0.6135152774375017
47.592856884002686,687,0.6156480419411852
47.66138482093811,688,0.6177959152440825
47.729448080062866,689,0.6153591242334425
47.793463945388794,690,0.6129252390791733
47.86198830604553,691,0.6105160928651202
47.92948269844055,692,0.6080681426044615
47.9975266456604,693,0.6055689990992409
48.06166434288025,694,0.603038360880354
48.128894329071045,695,0.6049986108163444
48.19743752479553,696,0.6049986108163444
48.26162600517273,697,0.6049986108163444
48.32996845245361,698,0.6049986108163444
48.39963436126709,699,0.6049986108163444
48.463465452194214,700,0.6049986108163444
48.52717185020447,701,0.6049986108163444
48.60070586204529,702,0.6049986108163444
48.66386914253235,703,0.6049986108163444
48.73104166984558,704,0.6049986108163444
48.80052065849304,705,0.6049986108163444
48.872156858444214,706,0.6049986108163444
48.93211531639099,707,0.6049986108163444
48.99505162239075,708,0.6049986108163444
49.06349492073059,709,0.6049986108163444
49.131176233291626,710,0.6049986108163444
49.199296712875366,711,0.6049986108163444
49.26466965675354,712,0.6049986108163444
49.34496450424194,713,0.6049986108163444
49.40289378166199,714,0.6069402123894428
49.46406316757202,715,0.6089196001085316
49.532368898391724,716,0.6108942141153467
49.60056805610657,717,0.6129305426128036
49.668412923812866,718,0.6149964927775375
49.73219895362854,719,0.6170626394256372
49.80036425590515,720,0.6146203246480869
49.8683021068573,721,0.6122203072405407
49.93264412879944,722,0.6098149807433256
50.00036835670471,723,0.6074202498199178
50.06847858428955,724,0.6050300363072805
50.135613441467285,725,0.60263239326424
50.19966912269592,726,0.6047301661721036
50.26770329475403,727,0.6068612048968275
50.335328578948975,728,0.6089842118270902
50.40373420715332,729,0.6111389460516093
50.46779274940491,730,0.6133241145997907
50.5355281829834,731,0.6155058663983958
50.60376691818237,732,0.6176863699297324
50.66765308380127,733,0.6153072994691071
50.73547577857971,734,0.6129198131418852
50.8036322593689,735,0.610498027629974
50.872106075286865,736,0.6080643734943064
50.93556213378906,737,0.6056178797987515
51.003483057022095,738,0.6031246359554931
51.07162570953369,739,0.6051101801743007
51.13554120063782,740,0.6071176443590006
51.20397138595581,741,0.6091095060453405
51.27165675163269,742,0.6091095060453405
51.33992147445679,743,0.6091095060453405
51.40371894836426,744,0.6091095060453405
51.472001791000366,745,0.6091095060453405
51.53970789909363,746,0.6091095060453405
51.604655504226685,747,0.6091095060453405
51.67213845252991,748,0.6091095060453405
51.74016857147217,749,0.6091095060453405
51.80768609046936,750,0.6091095060453405
51.8717098236084,751,0.6091095060453405
51.93962860107422,752,0.6091095060453405
52.007951498031616,753,0.6091095060453405
52.07583785057068,754,0.6091095060453405
52.13990831375122,755,0.6091095060453405
52.20781445503235,756,0.6091095060453405
52.27595782279968,757,0.6091095060453405
52.34019684791565,758,0.6091095060453405
52.408052921295166,759,0.6091095060453405
52.475940227508545,760,0.6091095060453405
52.5444757938385,761,0.6091095060453405
52.60820531845093,762,0.6091095060453405
52.67639899253845,763,0.6091095060453405
52.74428343772888,764,0.6091095060453405
52.80804514884949,765,0.6091095060453405
52.87617516517639,766,0.6091095060453405
52.944247007369995,767,0.6091095060453405
53.01227617263794,768,0.6091095060453405
53.0761239528656,769,0.6091095060453405
53.143927574157715,770,0.6091095060453405
53.212175130844116,771,0.6091095060453405
53.27598452568054,772,0.6091095060453405
53.34453225135803,773,0.6091095060453405
53.41209435462952,774,0.6091095060453405
53.48010778427124,775,0.6091095060453405
53.5443274974823,776,0.6091095060453405
53.613866329193115,777,0.6091095060453405
53.7000675201416,778,0.6091095060453405
53.749327659606934,779,0.6091095060453405
53.81217980384827,780,0.6091095060453405
53.88045263290405,781,0.6091095060453405
53.949772357940674,782,0.6091095060453405
54.015716552734375,783,0.6091095060453405
54.082656383514404,784,0.6091095060453405
54.150914430618286,785,0.6091095060453405
54.218876361846924,786,0.6091095060453405
54.28193640708923,787,0.6091095060453405
54.35040521621704,788,0.6091095060453405
54.41888213157654,789,0.6091095060453405
54.48301887512207,790,0.6091095060453405
54.54809880256653,791,0.6091095060453405
54.61620211601257,792,0.6091095060453405
54.68406319618225,793,0.6091095060453405
54.74809408187866,794,0.6091095060453405
54.81620502471924,795,0.6091095060453405
54.88398623466492,796,0.6110641059326752
54.94809365272522,797,0.6130341166044496
55.01611661911011,798,0.6150631064049181
55.0839638710022,799,0.6171312145220454
55.15209150314331,800,0.6145585653113732
55.21662616729736,801,0.6120597043011515
55.28417158126831,802,0.6096454618275161
55.35218620300293,803,0.607273878733136
55.4203987121582,804,0.6049838588863418
55.48415493965149,805,0.6027804720927148
55.5551438331604,806,0.604993981076128
55.623191595077515,807,0.6072267149738221
55.686224699020386,808,0.6094639633980478
55.75545048713684,809,0.6116918419866948
55.82297396659851,810,0.6139425588006442
55.89058804512024,811,0.6162196715513847
55.95550084114075,812,0.6184869505337258
56.02326822280884,813,0.6161725712910665
56.09069347381592,814,0.6138676764967628
56.15568017959595,815,0.6115660525804901
56.22302603721619,816,0.6092053452399155
56.28936815261841,817,0.6068562010412667
56.35680627822876,818,0.6045032448547883
56.42034363746643,819,0.6021285142027523
56.48840832710266,820,0.6042530435842263
56.556320667266846,821,0.6063812883038157
56.623223304748535,822,0.6084827435181092
56.690226316452026,823,0.6105265734058689
56.75920844078064,824,0.6125743914231961
56.82718873023987,825,0.6145964596746074
56.890562295913696,826,0.6145964596746074
56.95917105674744,827,0.6145964596746074
57.026894330978394,828,0.6117303290310172
57.09034013748169,829,0.608793086474094
57.15895318984985,830,0.6058129803713906
57.22699856758118,831,0.6027830641366443
57.29478573799133,832,0.5997030079602432
57.358863830566406,833,0.5997030079602432
57.4266574382782,834,0.5997030079602432
57.49464678764343,835,0.5997030079602432
57.56209111213684,836,0.5997030079602432
57.62675094604492,837,0.5997030079602432
57.69471788406372,838,0.5997030079602432
57.76338982582092,839,0.5997030079602432
57.827125787734985,840,0.5997030079602432
57.89355111122131,841,0.5997030079602432
57.96042442321777,842,0.5997030079602432
58.02845287322998,843,0.5997030079602432
58.09254050254822,844,0.5997030079602432
58.16046977043152,845,0.5997030079602432
58.22850489616394,846,0.5997030079602432
58.29287624359131,847,0.6016323368050149
58.36076498031616,848,0.603610772560924
58.428826093673706,849,0.6056095745521567
58.497448444366455,850,0.6076739174728983
58.56056809425354,851,0.6097634921978735
58.628780364990234,852,0.6118140737589491
58.69686937332153,853,0.6139151285279586
58.76074028015137,854,0.6160406633094084
58.829381227493286,855,0.6181617054174123
58.89655327796936,856,0.6155834923927042
58.96479296684265,857,0.613041179392476
59.030428886413574,858,0.6104848393819636
59.09864783287048,859,0.6079344657019654
59.16698360443115,860,0.6054187390145374
59.23513889312744,861,0.6029076136368662
59.2985577583313,862,0.6049691495222272
59.36713528633118,863,0.6070201310177802
59.43489050865173,864,0.6090314148953414
59.49889516830444,865,0.6110253674249267
59.56740975379944,866,0.6130259428450617
59.63508462905884,867,0.6149939932567383
59.70242190361023,868,0.6149939932567383
59.767139196395874,869,0.6122443090684153
59.83494567871094,870,0.6094877847613547
59.9023323059082,871,0.6067356840028005
59.96738028526306,872,0.6039932190922674
60.03475832939148,873,0.6012614654403577
60.10249853134155,874,0.6012614654403577
60.17074942588806,875,0.6012614654403577
60.23473310470581,876,0.6012614654403577
60.302594900131226,877,0.6012614654403577
60.37089395523071,878,0.6012614654403577
60.43506407737732,879,0.6012614654403577
60.50253438949585,880,0.6012614654403577
60.571404695510864,881,0.6012614654403577
60.638774394989014,882,0.6012614654403577
60.702664375305176,883,0.6012614654403577
60.77121639251709,884,0.6012614654403577
60.83933115005493,885,0.6012614654403577
60.90803146362305,886,0.6012614654403577
60.970908880233765,887,0.6012614654403577
61.03865694999695,888,0.6012614654403577
61.10796284675598,889,0.6012614654403577
61.171327352523804,890,0.6012614654403577
61.23895478248596,891,0.6032147990122132
61.30750560760498,892,0.6052084497114285
61.37535500526428,893,0.6072141091347165
61.439027547836304,894,0.6092592901283665
61.50736880302429,895,0.6113396730088979
61.575339555740356,896,0.6134383238315095
61.63877463340759,897,0.6155458297326148
61.70748853683472,898,0.61769217826295
61.774977922439575,899,0.6149294503311432
61.842658042907715,900,0.612205117231069
61.90772366523743,901,0.6095314773864003
61.97549080848694,902,0.6069424461393229
62.04310750961304,903,0.6043803822380884
62.107452630996704,904,0.6018565397989967
62.17548203468323,905,0.6041464635911671
62.243401527404785,906,0.6064686417930367
62.31174111366272,907,0.6087794813803369
62.37556481361389,908,0.6111232786184135
62.44286346435547,909,0.6134672234527521
62.51135754585266,910,0.6157555352759901
62.57904505729675,911,0.6180571424085334
62.64299392700195,912,0.6153420544009803
62.711573362350464,913,0.6125579697224551
62.77901291847229,914,0.609756403478601
62.84282469749451,915,0.6069228257739535
62.911964654922485,916,0.603995716143366
62.9787974357605,917,0.6010149879778409
63.047226428985596,918,0.6029662782187603
63.111584186553955,919,0.6029662782187603
63.178855895996094,920,0.6029662782187603
63.247196674346924,921,0.6029662782187603
63.31152153015137,922,0.6029662782187603
63.37903094291687,923,0.6029662782187603
63.44699048995972,924,0.6029662782187603
63.515896797180176,925,0.6029662782187603
63.57947039604187,926,0.6029662782187603
63.6478807926178,927,0.6029662782187603
63.715383529663086,928,0.6029662782187603
63.78048348426819,929,0.6029662782187603
63.84863471984863,930,0.6029662782187603
63.9169704914093,931,0.6029662782187603
63.9829466342926,932,0.6029662782187603
64.04931282997131,933,0.6029662782187603
64.11766791343689,934,0.6029662782187603
64.18409991264343,935,0.6029662782187603
64.25248670578003,936,0.6029662782187603
64.32261371612549,937,0.6029662782187603
64.39582300186157,938,0.6029662782187603
64.4494857788086,939,0.6029662782187603
64.51328611373901,940,0.6029662782187603
64.58148574829102,941,0.6029662782187603
64.6498007774353,942,0.6029662782187603
64.71747493743896,943,0.6029662782187603
64.78130078315735,944,0.6029662782187603
64.84987497329712,945,0.6029662782187603
64.91740703582764,946,0.6029662782187603
64.98144865036011,947,0.6029662782187603
65.04976224899292,948,0.6029662782187603
65.1176609992981,949,0.6029662782187603
65.18564176559448,950,0.6029662782187603
65.24991536140442,951,0.6029662782187603
65.31762051582336,952,0.6029662782187603
65.38566207885742,953,0.6029662782187603
65.44986248016357,954,0.6029662782187603
65.5204803943634,955,0.6029662782187603
65.58767294883728,956,0.6029662782187603
65.65634226799011,957,0.6029662782187603
65.72050666809082,958,0.6029662782187603
65.78575038909912,959,0.6029662782187603
65.85494446754456,960,0.6029662782187603
65.9221076965332,961,0.6029662782187603
65.98600625991821,962,0.6029662782187603
66.05414056777954,963,0.6029662782187603
66.12223243713379,964,0.6029662782187603
66.18591213226318,965,0.6029662782187603
66.25432300567627,966,0.6029662782187603
66.32183980941772,967,0.6029662782187603
66.3901698589325,968,0.6029662782187603
66.4542989730835,969,0.6029662782187603
66.52217245101929,970,0.6029662782187603
66.5922224521637,971,0.6029662782187603
66.65568852424622,972,0.6029662782187603
66.72526264190674,973,0.6029662782187603
66.79297113418579,974,0.6029662782187603
66.86029434204102,975,0.6029662782187603
66.92341613769531,976,0.6029662782187603
66.99228620529175,977,0.6029662782187603
67.06039047241211,978,0.6029662782187603
67.12521052360535,979,0.6029662782187603
67.1914415359497,980,0.6029662782187603
67.25817775726318,981,0.6029662782187603
67.32601499557495,982,0.6029662782187603
67.38990521430969,983,0.6029662782187603
67.45783829689026,984,0.6029662782187603
67.52598738670349,985,0.6029662782187603
67.59439468383789,986,0.6029662782187603
67.65806937217712,987,0.6029662782187603
67.72599029541016,988,0.6029662782187603
67.79470729827881,989,0.6029662782187603
67.85819339752197,990,0.6029662782187603
67.92592859268188,991,0.6029662782187603
67.99386167526245,992,0.6029662782187603
68.06220316886902,993,0.6029662782187603
68.12594795227051,994,0.6029662782187603
68.19460916519165,995,0.6029662782187603
68.26225090026855,996,0.6029662782187603
68.32635593414307,997,0.6029662782187603
68.39444279670715,998,0.6029662782187603
68.46286010742188,999,0.6029662782187603
68.52991604804993,1000,0.6029662782187603
68.59445524215698,1001,0.6029662782187603
68.66237306594849,1002,0.6029662782187603
68.73048853874207,1003,0.6029662782187603
68.79443836212158,1004,0.6029662782187603
68.86277985572815,1005,0.6029662782187603
68.93051481246948,1006,0.6029662782187603
68.99822735786438,1007,0.6029662782187603
69.06353211402893,1008,0.6029662782187603
69.13048672676086,1009,0.6029662782187603
69.1983277797699,1010,0.6029662782187603
69.26310086250305,1011,0.6029662782187603
69.33034300804138,1012,0.6029662782187603
69.40789794921875,1013,0.6049166720277961
69.46631455421448,1014,0.6068686140732529
69.53207993507385,1015,0.6088862246393162
69.59976410865784,1016,0.6109523123610717
69.6682620048523,1017,0.6130092262474132
69.73578095436096,1018,0.6151302208096163
69.79987025260925,1019,0.6172909039556111
69.86823153495789,1020,0.6148286782314035
69.93597316741943,1021,0.6124023072879283
69.99976563453674,1022,0.6100045878578357
70.06852555274963,1023,0.6075950713905406
70.13547253608704,1024,0.6052105226684077
70.20495271682739,1025,0.6028939020851241
70.2683515548706,1026,0.605206444127357
70.33579897880554,1027,0.6075821906921004
70.40359830856323,1028,0.6100128852831648
70.46824836730957,1029,0.6124962491291559
70.53550720214844,1030,0.6150424364445245
70.60343027114868,1031,0.6176609539909189
70.672208070755,1032,0.6203394267106155
70.73592591285706,1033,0.6183120583821334
70.80425691604614,1034,0.6183120583821334
70.87236905097961,1035,0.6183120583821334
70.93628263473511,1036,0.6183120583821334
71.0049614906311,1037,0.6183120583821334
71.07258200645447,1038,0.6183120583821334
71.13994336128235,1039,0.6183120583821334
71.20518803596497,1040,0.6183120583821334
71.27263474464417,1041,0.6183120583821334
71.34007358551025,1042,0.6183120583821334
71.40837693214417,1043,0.6183120583821334
71.47232437133789,1044,0.6183120583821334
71.53986692428589,1045,0.6183120583821334
71.60891389846802,1046,0.6183120583821334
71.67244482040405,1047,0.6183120583821334
71.73982286453247,1048,0.6183120583821334
71.80892515182495,1049,0.6183120583821334
71.87679719924927,1050,0.6183120583821334
71.94036889076233,1051,0.6183120583821334
72.00919914245605,1052,0.6183120583821334
72.07709574699402,1053,0.6183120583821334
72.14053082466125,1054,0.6183120583821334
72.20985507965088,1055,0.6183120583821334
72.27653050422668,1056,0.6183120583821334
72.34418773651123,1057,0.6183120583821334
72.40908098220825,1058,0.6183120583821334
72.47688269615173,1059,0.6183120583821334
72.54413294792175,1060,0.6183120583821334
72.60907769203186,1061,0.6183120583821334
72.67700839042664,1062,0.6162745273968842
72.74407386779785,1063,0.6141870805255677
72.81295967102051,1064,0.6120545592707363
72.87686896324158,1065,0.6098300467758303
72.94438743591309,1066,0.6075011753065281
73.0128800868988,1067,0.6051690647790687
73.08024287223816,1068,0.6028024971745823
73.14471697807312,1069,0.6052867524884483
73.21254086494446,1070,0.6077981475824358
73.28054428100586,1071,0.6103056781296247
73.344393491745,1072,0.61276118713387
73.4129946231842,1073,0.6152208794214677
73.48069977760315,1074,0.6176683824190721
73.54850840568542,1075,0.6200651460557253
73.61252474784851,1076,0.6173010592629112
73.68106389045715,1077,0.6145563142985835
73.74931240081787,1078,0.6117649303014336
73.81421756744385,1079,0.6089120718202541
73.8811047077179,1080,0.6061019582016041
73.94928574562073,1081,0.6032884515234871
74.01813507080078,1082,0.6004000274549567
74.08029198646545,1083,0.6025881098489798
74.14819884300232,1084,0.6047404897154458
74.21733212471008,1085,0.6068539713073805
74.28047728538513,1086,0.6089398255982204
74.34849524497986,1087,0.6110189607057395
74.41722750663757,1088,0.6130882895899288
74.48438382148743,1089,0.6151368236578447
74.54922080039978,1090,0.6172107718093298
74.61737775802612,1091,0.6139311614960866
74.68424034118652,1092,0.6106394691171073
74.75232243537903,1093,0.6073892298908312
74.81722736358643,1094,0.6041477713192495
74.88488626480103,1095,0.6008961663334403
74.9521427154541,1096,0.6028761255912469
75.01729989051819,1097,0.6048365526291468
75.08469152450562,1098,0.6048365526291468
75.15240621566772,1099,0.6048365526291468
75.22041988372803,1100,0.6048365526291468
75.2846257686615,1101,0.6048365526291468
75.35245633125305,1102,0.6048365526291468
75.42084431648254,1103,0.6048365526291468
75.48462867736816,1104,0.6048365526291468
75.55246949195862,1105,0.6048365526291468
75.62071919441223,1106,0.6048365526291468
75.68897223472595,1107,0.6048365526291468
75.75409603118896,1108,0.6048365526291468
75.83209013938904,1109,0.6048365526291468
75.8984489440918,1110,0.6048365526291468
75.95265030860901,1111,0.6048365526291468
76.0227861404419,1112,0.6048365526291468
76.08925127983093,1113,0.6048365526291468
76.15829968452454,1114,0.6048365526291468
76.22221899032593,1115,0.6048365526291468
76.29009556770325,1116,0.6048365526291468
76.35681080818176,1117,0.6048365526291468
76.42598843574524,1118,0.6048365526291468
76.4893913269043,1119,0.6048365526291468
76.55803990364075,1120,0.6048365526291468
76.64056468009949,1121,0.6048365526291468
76.69954824447632,1122,0.6048365526291468
76.75829362869263,1123,0.6048365526291468
76.82575345039368,1124,0.6048365526291468
76.89355683326721,1125,0.6048365526291468
76.95816588401794,1126,0.6048365526291468
77.02595496177673,1127,0.6048365526291468
77.0928909778595,1128,0.6048365526291468
77.1576874256134,1129,0.6048365526291468
77.22545123100281,1130,0.6048365526291468
77.29307913780212,1131,0.6048365526291468
77.36219549179077,1132,0.6048365526291468
77.42569136619568,1133,0.6048365526291468
77.4932324886322,1134,0.6048365526291468
77.56224274635315,1135,0.6048365526291468
77.62587785720825,1136,0.6048365526291468
77.69326281547546,1137,0.6048365526291468
77.76224565505981,1138,0.6048365526291468
77.82955479621887,1139,0.6048365526291468
77.8932204246521,1140,0.6048365526291468
77.96210312843323,1141,0.6048365526291468
78.02949142456055,1142,0.6048365526291468
78.09722089767456,1143,0.6048365526291468
78.16215777397156,1144,0.6048365526291468
78.22967672348022,1145,0.6048365526291468
78.29736328125,1146,0.6048365526291468
78.36240148544312,1147,0.6048365526291468
78.42916917800903,1148,0.6048365526291468
78.50489473342896,1149,0.6048365526291468
78.56412029266357,1150,0.6048365526291468
78.6277859210968,1151,0.6048365526291468
78.6952383518219,1152,0.6048365526291468
78.76322841644287,1153,0.6048365526291468
78.83272552490234,1154,0.6048365526291468
78.9045262336731,1155,0.6048365526291468
78.96325588226318,1156,0.6048365526291468
79.03233289718628,1157,0.6048365526291468
79.09790921211243,1158,0.6048365526291468
79.16552066802979,1159,0.6048365526291468
79.23335289955139,1160,0.6048365526291468
79.2979907989502,1161,0.6048365526291468
79.36482763290405,1162,0.6048365526291468
79.43231129646301,1163,0.6048365526291468
79.5041675567627,1164,0.6048365526291468
79.56744527816772,1165,0.6048365526291468
79.63613438606262,1166,0.6048365526291468
79.7029345035553,1167,0.6048365526291468
79.7729434967041,1168,0.6048365526291468
79.83500862121582,1169,0.6048365526291468
79.90296578407288,1170,0.6048365526291468
79.97163391113281,1171,0.6048365526291468
80.03503322601318,1172,0.6048365526291468
80.10362648963928,1173,0.6048365526291468
80.17189908027649,1174,0.6048365526291468
80.23799347877502,1175,0.6048365526291468
80.30205368995667,1176,0.6048365526291468
80.37040281295776,1177,0.6048365526291468
80.43772530555725,1178,0.6048365526291468
80.50176978111267,1179,0.6048365526291468
80.57035565376282,1180,0.6048365526291468
80.63772654533386,1181,0.6048365526291468
80.706387758255,1182,0.6048365526291468
80.77069163322449,1183,0.6048365526291468
80.8379921913147,1184,0.6048365526291468
80.90641164779663,1185,0.6048365526291468
80.97062420845032,1186,0.6048365526291468
81.03770709037781,1187,0.6048365526291468
81.10638856887817,1188,0.6048365526291468
81.17448711395264,1189,0.6048365526291468
81.23768448829651,1190,0.6048365526291468
81.30638551712036,1191,0.6048365526291468
81.37457299232483,1192,0.6048365526291468
81.43788647651672,1193,0.6048365526291468
81.50677156448364,1194,0.6048365526291468
81.57491755485535,1195,0.6048365526291468
81.64165902137756,1196,0.6048365526291468
81.70627284049988,1197,0.6048365526291468
81.77426528930664,1198,0.6048365526291468
81.84182548522949,1199,0.6048365526291468
81.91059517860413,1200,0.6048365526291468
81.9746367931366,1201,0.6048365526291468
82.04221057891846,1202,0.6048365526291468
82.11035084724426,1203,0.6048365526291468
82.1746301651001,1204,0.6048365526291468
82.24204707145691,1205,0.6048365526291468
82.31048536300659,1206,0.6048365526291468
82.37797713279724,1207,0.6048365526291468
82.44205355644226,1208,0.6048365526291468
82.5106360912323,1209,0.6048365526291468
82.57861924171448,1210,0.6048365526291468
82.6421639919281,1211,0.6048365526291468
82.7106306552887,1212,0.6048365526291468
82.77846717834473,1213,0.6048365526291468
82.84589862823486,1214,0.6048365526291468
82.91059803962708,1215,0.6048365526291468
82.9779794216156,1216,0.6048365526291468
83.0460159778595,1217,0.6048365526291468
83.11073303222656,1218,0.6067782848255879
83.1783504486084,1219,0.6087403556080149
83.24611115455627,1220,0.6107447334305817
83.31473708152771,1221,0.6127629818150317
83.37805986404419,1222,0.6147921472271807
83.44594979286194,1223,0.6168687079016849
83.51447749137878,1224,0.6144664766414468
83.58168840408325,1225,0.6120760663659661
83.64600896835327,1226,0.6097251605641688
83.7146999835968,1227,0.607409206806033
83.78278875350952,1228,0.6050868788068617
83.84739208221436,1229,0.6027936654549366
83.91603541374207,1230,0.6049061156300347
83.98157119750977,1231,0.607006038874607
84.05086016654968,1232,0.6091239121221567
84.11455774307251,1233,0.6112540114368653
84.18183255195618,1234,0.6133595924128206
84.24956941604614,1235,0.6155012978243282
84.3149402141571,1236,0.6176766213982264
84.38217401504517,1237,0.6152603209900576
84.45098996162415,1238,0.6128401895772019
84.52079844474792,1239,0.6104699259425606
84.58268070220947,1240,0.6081260764745543
84.64985418319702,1241,0.6057922252498488
84.71845006942749,1242,0.6035277266500799
84.78182744979858,1243,0.6058228262242209
84.85006809234619,1244,0.608168572733249
84.91876268386841,1245,0.6105615142019735
84.98575448989868,1246,0.6130178549149863
85.05000615119934,1247,0.6155222284113954
85.11834168434143,1248,0.6180515881741585
85.18688678741455,1249,0.6206505745048918
85.25537538528442,1250,0.6186595194478374
85.31848812103271,1251,0.6186595194478374
85.38624668121338,1252,0.6186595194478374
85.45535159111023,1253,0.6186595194478374
85.51881074905396,1254,0.6186595194478374
85.5855655670166,1255,0.6186595194478374
85.65483498573303,1256,0.6186595194478374
85.72321033477783,1257,0.6186595194478374
85.78608202934265,1258,0.6186595194478374
85.85378193855286,1259,0.6186595194478374
85.9228527545929,1260,0.6186595194478374
85.98578071594238,1261,0.6186595194478374
86.05404686927795,1262,0.6186595194478374
86.12227129936218,1263,0.6186595194478374
86.18982148170471,1264,0.6186595194478374
86.25512385368347,1265,0.6186595194478374
86.32222747802734,1266,0.6186595194478374
86.38981199264526,1267,0.6186595194478374
86.4539954662323,1268,0.6186595194478374
86.5226411819458,1269,0.6186595194478374
86.59003186225891,1270,0.6186595194478374
86.65847396850586,1271,0.6186595194478374
86.7224349975586,1272,0.6186595194478374
86.79027771949768,1273,0.6186595194478374
86.8584041595459,1274,0.6186595194478374
86.92732238769531,1275,0.6186595194478374
86.98992490768433,1276,0.6186595194478374
87.05876016616821,1277,0.6186595194478374
87.12652635574341,1278,0.6186595194478374
87.18987727165222,1279,0.6186595194478374
87.25851392745972,1280,0.6186595194478374
87.32698440551758,1281,0.6186595194478374
87.39415836334229,1282,0.6186595194478374
87.45872092247009,1283,0.6186595194478374
87.5268542766571,1284,0.6186595194478374
87.59423232078552,1285,0.6186595194478374
87.65897274017334,1286,0.6186595194478374
87.72686243057251,1287,0.6186595194478374
87.79450678825378,1288,0.6186595194478374
87.86279654502869,1289,0.6186595194478374
87.92685198783875,1290,0.6186595194478374
87.99452686309814,1291,0.6186595194478374
88.06398797035217,1292,0.6186595194478374
88.1274688243866,1293,0.6186595194478374
88.19487142562866,1294,0.6186595194478374
88.26073575019836,1295,0.6186595194478374
88.32937264442444,1296,0.6186595194478374
88.39265751838684,1297,0.6186595194478374
88.46060037612915,1298,0.6186595194478374
88.52849388122559,1299,0.6186595194478374
88.59660220146179,1300,0.6166339738739222
88.66065716743469,1301,0.6145498599701915
88.72866797447205,1302,0.61239826656385
88.79693078994751,1303,0.6101914597073764
88.86058235168457,1304,0.6079470619021942
88.92901849746704,1305,0.6055941096647962
88.99680209159851,1306,0.6031371314343941
89.06469249725342,1307,0.6056597592274089
89.12847995758057,1308,0.608152008851318
89.19699883460999,1309,0.6105690325295755
89.26526594161987,1310,0.612987976257023
89.32897734642029,1311,0.615387316952482
89.39677429199219,1312,0.6177284313967079
89.464848279953,1313,0.6201111347624143
89.53279733657837,1314,0.617186910946432
89.5968554019928,1315,0.614208167145481
89.66482734680176,1316,0.6111769398083172
89.73287105560303,1317,0.6081444867418482
89.7970221042633,1318,0.6050813815423859
89.87034726142883,1319,0.6020155412006275
89.93385076522827,1320,0.598968516881115
90.00110459327698,1321,0.6010726323181939
90.06796288490295,1322,0.6031748030414594
90.13546371459961,1323,0.6052944752743635
90.20282006263733,1324,0.6074159837423175
90.2716977596283,1325,0.6095497505435139
90.33515214920044,1326,0.6116959389702489
90.40265560150146,1327,0.6138543286002419
90.47074842453003,1328,0.6160104199933961
90.53459334373474,1329,0.6181503010954823
90.60272574424744,1330,0.6149672760355215
90.67089223861694,1331,0.6117782042122909
90.73862838745117,1332,0.6086114902035531
90.8026819229126,1333,0.6054909580815505
90.87142562866211,1334,0.6023540049554919
90.93865418434143,1335,0.5991885915874793
91.00264573097229,1336,0.6012138530580446
91.07105255126953,1337,0.603238046944457
91.13879156112671,1338,0.6051944620196644
91.20753049850464,1339,0.6071589306638419
91.27150869369507,1340,0.6091139195042623
91.33890151977539,1341,0.6091139195042623
91.40738463401794,1342,0.6091139195042623
91.4715211391449,1343,0.6091139195042623
91.53942275047302,1344,0.6091139195042623
91.60774087905884,1345,0.6091139195042623
91.67520117759705,1346,0.6091139195042623
91.73939418792725,1347,0.6091139195042623
91.80767512321472,1348,0.6091139195042623
91.87563824653625,1349,0.6091139195042623
91.94340586662292,1350,0.6091139195042623
92.00762581825256,1351,0.6091139195042623
92.0756402015686,1352,0.6091139195042623
92.14347720146179,1353,0.6091139195042623
92.20788049697876,1354,0.6091139195042623
92.27554988861084,1355,0.6091139195042623
92.34308648109436,1356,0.6091139195042623
92.41224694252014,1357,0.6091139195042623
92.4761610031128,1358,0.6091139195042623
92.54296374320984,1359,0.6091139195042623
92.61213278770447,1360,0.6091139195042623
92.67575168609619,1361,0.6091139195042623
92.74340176582336,1362,0.6091139195042623
92.81215977668762,1363,0.6091139195042623
92.8797824382782,1364,0.6091139195042623
92.94405770301819,1365,0.6091139195042623
93.01220750808716,1366,0.6091139195042623
93.07979416847229,1367,0.6091139195042623
93.14331078529358,1368,0.6091139195042623
93.21241784095764,1369,0.6091139195042623
93.2796483039856,1370,0.6091139195042623
93.34820222854614,1371,0.6091139195042623
93.41523480415344,1372,0.6091139195042623
93.48050928115845,1373,0.6091139195042623
93.54790711402893,1374,0.6091139195042623
93.61266541481018,1375,0.6091139195042623
93.68078923225403,1376,0.6091139195042623
93.74819135665894,1377,0.6091139195042623
93.81538701057434,1378,0.6091139195042623
93.88037157058716,1379,0.6091139195042623
93.94774222373962,1380,0.6091139195042623
94.01618766784668,1381,0.6091139195042623
94.08334612846375,1382,0.6091139195042623
94.14775037765503,1383,0.6091139195042623
94.21673464775085,1384,0.6091139195042623
94.28362083435059,1385,0.6091139195042623
94.34780383110046,1386,0.6091139195042623
94.41645669937134,1387,0.6091139195042623
94.48340177536011,1388,0.6091139195042623
94.5518388748169,1389,0.6091139195042623
94.61636447906494,1390,0.6091139195042623
94.68356323242188,1391,0.6091139195042623
94.75179672241211,1392,0.6091139195042623
94.81781268119812,1393,0.6091139195042623
94.88553190231323,1394,0.6091139195042623
94.95301151275635,1395,0.6091139195042623
95.02114748954773,1396,0.6091139195042623
95.08377528190613,1397,0.6091139195042623
95.15194773674011,1398,0.6091139195042623
95.22038459777832,1399,0.6091139195042623
95.28365159034729,1400,0.6091139195042623
95.35208559036255,1401,0.6091139195042623
95.41949582099915,1402,0.6091139195042623
95.48627591133118,1403,0.6091139195042623
95.55039143562317,1404,0.6091139195042623
95.6183693408966,1405,0.6091139195042623
95.68636345863342,1406,0.6091139195042623
95.75522470474243,1407,0.6091139195042623
95.81873202323914,1408,0.6091139195042623
95.8866217136383,1409,0.6091139195042623
95.95537042617798,1410,0.6091139195042623
96.0185329914093,1411,0.6091139195042623
96.08686351776123,1412,0.6091139195042623
96.1548023223877,1413,0.6091139195042623
96.2227258682251,1414,0.6091139195042623
96.28631114959717,1415,0.6091139195042623
96.35509705543518,1416,0.6091139195042623
96.42258620262146,1417,0.6091139195042623
96.48698210716248,1418,0.6091139195042623
96.55530738830566,1419,0.6091139195042623
96.62252259254456,1420,0.6091139195042623
96.69076871871948,1421,0.6091139195042623
96.75482511520386,1422,0.6091139195042623
96.82248878479004,1423,0.6091139195042623
96.89087247848511,1424,0.6091139195042623
96.95522356033325,1425,0.6091139195042623
97.02269172668457,1426,0.6091139195042623
97.09054136276245,1427,0.6091139195042623
97.15912890434265,1428,0.6091139195042623
97.22260689735413,1429,0.6091139195042623
97.29100036621094,1430,0.6091139195042623
97.3620719909668,1431,0.6091139195042623
97.4294650554657,1432,0.6091139195042623
97.49261593818665,1433,0.6091139195042623
97.56212067604065,1434,0.6091139195042623
97.62880158424377,1435,0.6091139195042623
97.69250655174255,1436,0.6091139195042623
97.76091146469116,1437,0.6091139195042623
97.82896065711975,1438,0.611067519686147
97.89627599716187,1439,0.611067519686147
97.961350440979,1440,0.6130403386417956
98.02945876121521,1441,0.6150151268283489
98.09632611274719,1442,0.6125656143376346
98.16051173210144,1443,0.6101413284243994
98.22862792015076,1444,0.6077202886924845
98.29656624794006,1445,0.6052825272947153
98.36344456672668,1446,0.6028566830618427
98.42906403541565,1447,0.6028566830618427
100.56822156906128,1479,0.6070715790029659
100.63603281974792,1480,0.6045704548345253
100.70454931259155,1481,0.6020839304194954
100.7723479270935,1482,0.6043544062336335
100.83573126792908,1483,0.6066594949261712
100.90456581115723,1484,0.6089921742784891
100.97222018241882,1485,0.6113538736838906
101.03599810600281,1486,0.6137477373735203
101.10502338409424,1487,0.6161746587540502
101.17238783836365,1488,0.6186050094628169
101.23983573913574,1489,0.6162055462154943
101.30507135391235,1490,0.6137757001141878
101.37245655059814,1491,0.6113502729958776
101.43979454040527,1492,0.6089477873530763
101.50484418869019,1493,0.6065636783344883
101.57236671447754,1494,0.604164406622177
101.64000868797302,1495,0.6018096983986426
101.70863270759583,1496,0.604240683991723
101.77258682250977,1497,0.6066403220798929
101.84001183509827,1498,0.609119188784099
101.90882015228271,1499,0.6116450391734901
101.97249054908752,1500,0.6141674324540451
102.03999519348145,1501,0.6167480253243981
102.10855841636658,1502,0.6193736912471425
102.17677569389343,1503,0.6171293231345301
102.24023580551147,1504,0.6149250181503395
102.30911827087402,1505,0.6127937032504192
102.37712550163269,1506,0.610693218650921
102.44459795951843,1507,0.6086032668918895
102.50880718231201,1508,0.6065824174422735
102.57670569419861,1509,0.6045725010733325
102.64394664764404,1510,0.6072528643351983
102.70865368843079,1511,0.6099498603823265
102.77674174308777,1512,0.6126546350549401
102.84403777122498,1513,0.6153765029780117
102.91273522377014,1514,0.6180964961004933
102.97701025009155,1515,0.62084005032674
103.0439395904541,1516,0.6187332746160813
103.11291146278381,1517,0.6166137047570197
103.17687511444092,1518,0.6145011800490902
103.24420022964478,1519,0.61236252251067
103.3128445148468,1520,0.6101702062079659
103.38048601150513,1521,0.6079807111249075
103.44450664520264,1522,0.6057473006455731
103.5126166343689,1523,0.6034668966411204
103.58014822006226,1524,0.6059875657545258
103.64431023597717,1525,0.6084954966491649
103.7133617401123,1526,0.6109594775429775
103.78030610084534,1527,0.613434818382677
103.84830856323242,1528,0.6159122799980151
103.91308259963989,1529,0.6183295439595582
103.98033905029297,1530,0.6157565912633889
104.04951572418213,1531,0.6132045372923595
104.11787796020508,1532,0.6106352984425641
104.18172097206116,1533,0.6080561995571404
104.24944162368774,1534,0.6055542111304572
104.31843376159668,1535,0.6030421466911161
104.38160347938538,1536,0.6052669449266839
104.44931387901306,1537,0.6074965683347912
104.51825213432312,1538,0.6097243024156644
104.58522081375122,1539,0.6119607767804673
104.64926528930664,1540,0.6141974950796498
104.71873068809509,1541,0.6164499752222545
104.78517651557922,1542,0.6187043904400493
104.85026597976685,1543,0.616106605179288
104.91829681396484,1544,0.6135515964470554
104.9853925704956,1545,0.6110130432938333
105.05352711677551,1546,0.6084841639995238
105.11710214614868,1547,0.6059984271579512
105.18456268310547,1548,0.6035240596985517
105.25258731842041,1549,0.6010616664075882
105.3174216747284,1550,0.603249691965143
105.38449740409851,1551,0.6054425652738721
105.45299863815308,1552,0.6075967295269482
105.52144837379456,1553,0.6097735669759233
105.58461833000183,1554,0.6119560448928246
105.65248370170593,1555,0.6140944947470215
105.72135782241821,1556,0.6162480303867406
105.78454422950745,1557,0.6184034540280385
105.85431051254272,1558,0.6158721310780529
105.92289018630981,1559,0.6133390917718269
105.99065494537354,1560,0.6108205596076404
106.05500769615173,1561,0.6082912094649587
106.12311625480652,1562,0.6057368066975347
106.19016146659851,1563,0.6032134384826795
106.25885701179504,1564,0.6006921488006699
106.32403230667114,1565,0.6026634915736176
106.38955855369568,1566,0.6046354520316957
106.4580774307251,1567,0.6066115151077969
106.52219700813293,1568,0.6085902435619295
106.59050989151001,1569,0.6105773527152146
106.65865325927734,1570,0.6125747482690458
106.7267382144928,1571,0.6145723667533761
106.79001212120056,1572,0.6165695093509634
106.85850048065186,1573,0.6186005487907088
106.92648649215698,1574,0.6161633343152557
106.98987317085266,1575,0.6137166895147693
107.0585024356842,1576,0.611269155325981
107.1265139579773,1577,0.6088375386975988
107.19387626647949,1578,0.6064185550815101
107.25865387916565,1579,0.6040571937993318
107.32674288749695,1580,0.6017044836437211
107.39394640922546,1581,0.6036549345819417
107.45851492881775,1582,0.6056453516661742
107.52703046798706,1583,0.6076491808340753
107.59377121925354,1584,0.6096317745504714
107.66312527656555,1585,0.6116263539123264
107.72702646255493,1586,0.6136318264215992
107.79372119903564,1587,0.6156125822836349
107.86320996284485,1588,0.617626856365938
107.93018054962158,1589,0.6152357452213474
107.99431014060974,1590,0.6128561544838709
108.06373977661133,1591,0.6104723025768991
108.13025379180908,1592,0.6081245734862657
108.1944432258606,1593,0.605789444343119
108.26274394989014,1594,0.6034670587458528
108.33067917823792,1595,0.6054645110064089
108.39825367927551,1596,0.6074728076856
108.46472787857056,1597,0.6094756353157116
108.53071212768555,1598,0.6114891589007602
108.59787464141846,1599,0.6135129721775036
108.66335034370422,1600,0.6155415438330021
108.73041939735413,1601,0.6175571332824726
108.79838538169861,1602,0.6151656188254645
108.86688756942749,1603,0.6127748334506833
108.93049836158752,1604,0.6103792629797232
108.99859046936035,1605,0.6080098063127851
109.06756091117859,1606,0.6056292208410192
109.13053035736084,1607,0.6032595078467821
109.1991856098175,1608,0.6052384211309907
109.26682591438293,1609,0.6072411559202566
109.33487725257874,1610,0.6092183564489514
109.3981773853302,1611,0.6112346318278168
109.4670557975769,1612,0.6132587122306402
109.53447842597961,1613,0.6152688593033238
109.60345363616943,1614,0.6173109483972776
109.6681923866272,1615,0.614945772740125
109.73460388183594,1616,0.6125810366713565
109.80291199684143,1617,0.6102222642761016
109.8673448562622,1618,0.6078852678107443
109.93483591079712,1619,0.6055455561992872
110.00236558914185,1620,0.6032134482189156
110.07121920585632,1621,0.6052158945891303
110.13442897796631,1622,0.6072198151134532
110.20234417915344,1623,0.6092248468387872
110.27240252494812,1624,0.6112433227877075
110.33461236953735,1625,0.6132689259880127
110.40294218063354,1626,0.615289314179825
110.47082471847534,1627,0.6173185646426764
110.5385410785675,1628,0.6149644469557853
110.60239720344543,1629,0.6125972937905104
110.67077994346619,1630,0.6102182162979131
110.73797106742859,1631,0.6078539058225667
110.80224561691284,1632,0.6054683427379113
110.87080359458923,1633,0.6030997293608217
110.93812608718872,1634,0.6050796115379805
111.00703501701355,1635,0.607073384968435
111.07056951522827,1636,0.6090319170076294
111.13847923278809,1637,0.6110287653383223
111.20748233795166,1638,0.6130290867465052
111.27549338340759,1639,0.6150205616897539
111.33823871612549,1640,0.6170467617451892
111.40709662437439,1641,0.6146056066491186
111.47490930557251,1642,0.6121372537671109
111.53801441192627,1643,0.6096774624422228
111.60720872879028,1644,0.6071995349044504
111.67643523216248,1645,0.604689154803103
111.74320340156555,1646,0.6021581953423495
111.8068311214447,1647,0.6041914164648627
111.87576675415039,1648,0.6062549597395838
111.94260454177856,1649,0.6083720419234155
112.00707697868347,1650,0.6105439283307421
112.07514214515686,1651,0.6127451964343529
112.14273309707642,1652,0.6149693070478554
112.21077370643616,1653,0.6172297682002035
112.27521419525146,1654,0.6195332068737809
112.34216046333313,1655,0.6170991637561664
112.41072583198547,1656,0.6146827310557894
112.47518277168274,1657,0.612309372199523
112.54242134094238,1658,0.6099369026660653
112.61094236373901,1659,0.6075969573047475
112.67842435836792,1660,0.6053032730551435
112.74294257164001,1661,0.6030309684431915
112.81075811386108,1662,0.6055020997740292
112.87866520881653,1663,0.6080669634372938
112.94574117660522,1664,0.6106900084080317
113.01103353500366,1665,0.6133136603088223
113.07822132110596,1666,0.6160032176625124
113.14604043960571,1667,0.61874266631911
113.21077036857605,1668,0.621475024802824
113.27841353416443,1669,0.6194037108545012
113.34622049331665,1670,0.6173926512371669
113.41491317749023,1671,0.615395559853072
113.47888612747192,1672,0.6134231601917055
113.54642128944397,1673,0.6134231601917055
113.61496257781982,1674,0.6134231601917055
113.67814946174622,1675,0.6134231601917055
113.74684262275696,1676,0.6134231601917055
113.8149642944336,1677,0.6134231601917055
113.88300967216492,1678,0.6134231601917055
113.94643068313599,1679,0.6134231601917055
114.01536536216736,1680,0.6134231601917055
114.08338356018066,1681,0.6134231601917055
114.14558053016663,1682,0.6134231601917055
114.21323275566101,1683,0.6134231601917055
114.280597448349,1684,0.6134231601917055
114.34881377220154,1685,0.6134231601917055
114.41314744949341,1686,0.6134231601917055
114.4807403087616,1687,0.6134231601917055
114.54873085021973,1688,0.6134231601917055
114.61732053756714,1689,0.6134231601917055
114.68095898628235,1690,0.6134231601917055
114.74923014640808,1691,0.6134231601917055
114.81712198257446,1692,0.6134231601917055
114.88066506385803,1693,0.6134231601917055
114.94869351387024,1694,0.6114453888080461
115.01709246635437,1695,0.6094545697277974
115.08468222618103,1696,0.60742465814916
115.14919781684875,1697,0.6053294931765262
115.21707344055176,1698,0.6031974302863461
115.28486680984497,1699,0.6057668027560499
115.34882187843323,1700,0.6082770116512994
115.41735482215881,1701,0.6107478549833908
115.48500084877014,1702,0.6132003516969806
115.55308270454407,1703,0.6155996440540684
115.61705112457275,1704,0.6179671921245813
115.68510723114014,1705,0.6155239147320472
115.75313878059387,1706,0.6130553510628678
115.81718111038208,1707,0.6105624739643807
115.8850827217102,1708,0.6080828868084847
115.9533634185791,1709,0.6055971242663515
116.0213611125946,1710,0.6030823097280581
116.0854902267456,1711,0.6051264443254735
116.15330839157104,1712,0.6071677528298762
116.22188210487366,1713,0.6092019611958528
116.28937268257141,1714,0.611205568804721
116.35329937934875,1715,0.6132253828280988
116.42146515846252,1716,0.6152554631290788
116.48972249031067,1717,0.6172638846773537
116.55427050590515,1718,0.6147090161301679
116.62189674377441,1719,0.6121668263634825
116.68958163261414,1720,0.609598752584044
116.75906753540039,1721,0.607070271498675
116.82173299789429,1722,0.6045524679677498
116.88989591598511,1723,0.6020171380596698
116.95993661880493,1724,0.6040116648657906
117.02480602264404,1725,0.6060225580519293
117.09089350700378,1726,0.6080167585941494
117.15954351425171,1727,0.6100488523333417
117.23027801513672,1728,0.612118384548912
117.29213619232178,1729,0.6142037920493173
117.36200714111328,1730,0.6163427206999802
117.4296088218689,1731,0.6185466909778252
117.49217104911804,1732,0.6162094088792673
117.56199550628662,1733,0.6138954837763486
117.62958240509033,1734,0.611685306361047
117.69638538360596,1735,0.6095363248612682
117.76161646842957,1736,0.6074140531110058
117.82998466491699,1737,0.6053429606772457
117.89652442932129,1738,0.6033385242504681
117.96165251731873,1739,0.6058095678802692
118.02938890457153,1740,0.6083461223187329
118.09607219696045,1741,0.6109753463362949
118.16518139839172,1742,0.6136467881068163
118.22892498970032,1743,0.6163513399104069
118.2947928905487,1744,0.6191343546065569
118.36478662490845,1745,0.6191343546065569
118.43184423446655,1746,0.6191343546065569
118.49587631225586,1747,0.6191343546065569
118.56400918960571,1748,0.6191343546065569
118.63132452964783,1749,0.6191343546065569
118.6957654953003,1750,0.6191343546065569
118.76424837112427,1751,0.6191343546065569
118.83150911331177,1752,0.6191343546065569
118.8997118473053,1753,0.6191343546065569
118.96435451507568,1754,0.6191343546065569
119.03192591667175,1755,0.6191343546065569
119.09970879554749,1756,0.6191343546065569
119.16403818130493,1757,0.6191343546065569
119.23110866546631,1758,0.6191343546065569
119.29963326454163,1759,0.6191343546065569
119.36795830726624,1760,0.6191343546065569
119.43230152130127,1761,0.6191343546065569
119.49978733062744,1762,0.6191343546065569
119.56815838813782,1763,0.6191343546065569
119.63173222541809,1764,0.6191343546065569
119.69978284835815,1765,0.6191343546065569
119.76807832717896,1766,0.6191343546065569
119.83556604385376,1767,0.6191343546065569
119.90003705024719,1768,0.6191343546065569
119.96801471710205,1769,0.6191343546065569
120.035395860672,1770,0.6191343546065569
120.10337138175964,1771,0.6191343546065569
120.16811656951904,1772,0.6191343546065569
120.23525500297546,1773,0.6191343546065569
120.30384063720703,1774,0.6191343546065569
120.36851763725281,1775,0.6191343546065569
120.43589496612549,1776,0.6191343546065569
120.5035948753357,1777,0.6191343546065569
120.5724081993103,1778,0.6191343546065569
120.63515615463257,1779,0.6171376664670638
120.70354771614075,1780,0.6150499091608852
120.77238988876343,1781,0.6128976489167491
120.83525514602661,1782,0.6106977024176862
120.90385842323303,1783,0.6084589808573182
120.9721896648407,1784,0.6061425015258438
121.03956842422485,1785,0.6037850881758234
